<?xml version="1.0"?>
<!DOCTYPE hibernate-mapping PUBLIC "-//Hibernate/Hibernate Mapping DTD 3.0//EN"
"http://www.hibernate.org/dtd/hibernate-mapping-3.0.dtd">
<!-- Generated Oct 30, 2016 10:11:49 PM by Hibernate Tools 4.3.1 -->
<hibernate-mapping>
    <class name="stadium.Customer" table="customer" catalog="reservation" optimistic-lock="version">
        <id name="customerId" type="java.lang.Integer">
            <column name="CustomerID" />
            <generator class="identity" />
        </id>
        <property name="name" type="string">
            <column name="Name" length="30" not-null="true" />
        </property>
        <property name="lastname" type="string">
            <column name="Lastname" length="30" not-null="true" />
        </property>
        <property name="tel" type="string">
            <column name="Tel" length="11" not-null="true" />
        </property>
        <property name="email" type="string">
            <column name="Email" length="30" not-null="true" />
        </property>
        <property name="identificationId" type="int">
            <column name="IdentificationID" not-null="true" />
        </property>
        <property name="password" type="string">
            <column name="Password" length="16" not-null="true" />
        </property>
    </class>
</hibernate-mapping>
